INSERT INTO auth.users (instance_id, id, aud, role, email, encrypted_password,
                        email_confirmed_at, recovery_sent_at, last_sign_in_at,
                        raw_app_meta_data, raw_user_meta_data,
                        created_at, updated_at,
                        confirmation_token, email_change, email_change_token_new, recovery_token)
VALUES ('00000000-0000-0000-0000-000000000000', '11111111-1111-1111-1111-111111111111', 'authenticated',
        'authenticated', 'user1@example.com', crypt('password123', gen_salt('bf')), now(), now(), now(),
        '{"provider":"email","providers":["email"]}', '{}'::jsonb, now(), now(), '', '', '', ''),
       ('00000000-0000-0000-0000-000000000000', '22222222-2222-2222-2222-222222222222', 'authenticated',
        'authenticated', 'user2@example.com', crypt('password123', gen_salt('bf')), now(), now(), now(),
        '{"provider":"email","providers":["email"]}', '{}'::jsonb, now(), now(), '', '', '', ''),
       ('00000000-0000-0000-0000-000000000000', '33333333-3333-3333-3333-333333333333', 'authenticated',
        'authenticated', 'user3@example.com', crypt('password123', gen_salt('bf')), now(), now(), now(),
        '{"provider":"email","providers":["email"]}', '{}'::jsonb, now(), now(), '', '', '', ''),
       ('00000000-0000-0000-0000-000000000000', '44444444-4444-4444-4444-444444444444', 'authenticated',
        'authenticated', 'user4@example.com', crypt('password123', gen_salt('bf')), now(), now(), now(),
        '{"provider":"email","providers":["email"]}', '{}'::jsonb, now(), now(), '', '', '', ''),
       ('00000000-0000-0000-0000-000000000000', '55555555-5555-5555-5555-555555555555', 'authenticated',
        'authenticated', 'user5@example.com', crypt('password123', gen_salt('bf')), now(), now(), now(),
        '{"provider":"email","providers":["email"]}', '{}'::jsonb, now(), now(), '', '', '', ''),
       ('00000000-0000-0000-0000-000000000000', '66666666-6666-6666-6666-666666666666', 'authenticated',
        'authenticated', 'user6@example.com', crypt('password123', gen_salt('bf')), now(), now(), now(),
        '{"provider":"email","providers":["email"]}', '{}'::jsonb, now(), now(), '', '', '', ''),
       ('00000000-0000-0000-0000-000000000000', '77777777-7777-7777-7777-777777777777', 'authenticated',
        'authenticated', 'user7@example.com', crypt('password123', gen_salt('bf')), now(), now(), now(),
        '{"provider":"email","providers":["email"]}', '{}'::jsonb, now(), now(), '', '', '', ''),
       ('00000000-0000-0000-0000-000000000000', '88888888-8888-8888-8888-888888888888', 'authenticated',
        'authenticated', 'user8@example.com', crypt('password123', gen_salt('bf')), now(), now(), now(),
        '{"provider":"email","providers":["email"]}', '{}'::jsonb, now(), now(), '', '', '', ''),
       ('00000000-0000-0000-0000-000000000000', '99999999-9999-9999-9999-999999999999', 'authenticated',
        'authenticated', 'user9@example.com', crypt('password123', gen_salt('bf')), now(), now(), now(),
        '{"provider":"email","providers":["email"]}', '{}'::jsonb, now(), now(), '', '', '', ''),
       ('00000000-0000-0000-0000-000000000000', 'aaaaaaaa-aaaa-aaaa-aaaa-aaaaaaaaaaaa', 'authenticated',
        'authenticated', 'user10@example.com', crypt('password123', gen_salt('bf')), now(), now(), now(),
        '{"provider":"email","providers":["email"]}', '{}'::jsonb, now(), now(), '', '', '', '');

INSERT INTO auth.identities (id, user_id, provider_id, identity_data, provider, last_sign_in_at, created_at, updated_at)
VALUES (uuid_generate_v4(), '11111111-1111-1111-1111-111111111111', '11111111-1111-1111-1111-111111111111',
        '{"sub":"11111111-1111-1111-1111-111111111111","email":"user1@example.com"}', 'email', now(), now(), now()),
       (uuid_generate_v4(), '22222222-2222-2222-2222-222222222222', '22222222-2222-2222-2222-222222222222',
        '{"sub":"22222222-2222-2222-2222-222222222222","email":"user2@example.com"}', 'email', now(), now(), now()),
       (uuid_generate_v4(), '33333333-3333-3333-3333-333333333333', '33333333-3333-3333-3333-333333333333',
        '{"sub":"33333333-3333-3333-3333-333333333333","email":"user3@example.com"}', 'email', now(), now(), now()),
       (uuid_generate_v4(), '44444444-4444-4444-4444-444444444444', '44444444-4444-4444-4444-444444444444',
        '{"sub":"44444444-4444-4444-4444-444444444444","email":"user4@example.com"}', 'email', now(), now(), now()),
       (uuid_generate_v4(), '55555555-5555-5555-5555-555555555555', '55555555-5555-5555-5555-555555555555',
        '{"sub":"55555555-5555-5555-5555-555555555555","email":"user5@example.com"}', 'email', now(), now(), now()),
       (uuid_generate_v4(), '66666666-6666-6666-6666-666666666666', '66666666-6666-6666-6666-666666666666',
        '{"sub":"66666666-6666-6666-6666-666666666666","email":"user6@example.com"}', 'email', now(), now(), now()),
       (uuid_generate_v4(), '77777777-7777-7777-7777-777777777777', '77777777-7777-7777-7777-777777777777',
        '{"sub":"77777777-7777-7777-7777-777777777777","email":"user7@example.com"}', 'email', now(), now(), now()),
       (uuid_generate_v4(), '88888888-8888-8888-8888-888888888888', '88888888-8888-8888-8888-888888888888',
        '{"sub":"88888888-8888-8888-8888-888888888888","email":"user8@example.com"}', 'email', now(), now(), now()),
       (uuid_generate_v4(), '99999999-9999-9999-9999-999999999999', '99999999-9999-9999-9999-999999999999',
        '{"sub":"99999999-9999-9999-9999-999999999999","email":"user9@example.com"}', 'email', now(), now(), now()),
       (uuid_generate_v4(), 'aaaaaaaa-aaaa-aaaa-aaaa-aaaaaaaaaaaa', 'aaaaaaaa-aaaa-aaaa-aaaa-aaaaaaaaaaaa',
        '{"sub":"aaaaaaaa-aaaa-aaaa-aaaa-aaaaaaaaaaaa","email":"user10@example.com"}', 'email', now(), now(), now());

INSERT INTO "public"."PermissionFlags" ("Id", "Name", "BitPosition")
VALUES ('1', 'ReadTeachers', '0'),
       ('2', 'ReadStudents', '1'),
       ('3', 'ReadCourses', '2'),
       ('4', 'ReadReports', '3'),
       ('5', 'ReadApiKeys', '4'),
       ('6', 'ReadCameras', '5'),
       ('7', 'WriteTeachers', '6'),
       ('8', 'WriteStudents', '7'),
       ('9', 'WriteCourses', '8'),
       ('10', 'WriteReports', '9'),
       ('11', 'WriteApiKeys', '10'),
       ('12', 'WriteCameras', '11'),
       ('13', 'ExportData', '12');

INSERT INTO "Teachers" ("Id", "FirstName", "LastName", "CreatedAt", "UpdatedAt")
VALUES ('11111111-1111-1111-1111-111111111111', 'Amelia', 'Clark', now(), NULL),
       ('22222222-2222-2222-2222-222222222222', 'Benjamin', 'Lee', now(), NULL),
       ('33333333-3333-3333-3333-333333333333', 'Charlotte', 'Harris', now(), NULL),
       ('44444444-4444-4444-4444-444444444444', 'Daniel', 'Walker', now(), NULL),
       ('55555555-5555-5555-5555-555555555555', 'Ella', 'Robinson', now(), NULL);

INSERT INTO "Courses" ("Code", "Name", "Year", "SemesterCode")
VALUES ('CS101', 'Introduction to Computer Science', 2023, 1),
       ('CS101', 'Introduction to Computer Science', 2023, 2),
       ('MATH201', 'Calculus I', 2023, 1),
       ('MATH201', 'Calculus I', 2023, 2),
       ('PHY301', 'Physics I', 2023, 1),
       ('PHY301', 'Physics I', 2023, 2),
       ('ENG101', 'English Literature', 2023, 1),
       ('ENG101', 'English Literature', 2023, 2),
       ('HIST201', 'World History', 2023, 2),
       ('HIST201', 'World History', 2023, 1);

INSERT INTO "CourseTeachers" ("TeacherId", "CourseCode", "CourseSemesterCode", "CourseYear")
VALUES ('11111111-1111-1111-1111-111111111111', 'CS101', 1, 2023),
       ('22222222-2222-2222-2222-222222222222', 'MATH201', 1, 2023),
       ('33333333-3333-3333-3333-333333333333', 'PHY301', 2, 2023),
       ('44444444-4444-4444-4444-444444444444', 'ENG101', 2, 2023),
       ('55555555-5555-5555-5555-555555555555', 'HIST201', 1, 2023),
       ('11111111-1111-1111-1111-111111111111', 'MATH201', 1, 2023);

INSERT INTO "Locations" ("Id", "Room", "Level", "Building", "Coords", "Address")
VALUES ('loc-001', '101', '1', 'Main Building', ST_GeomFromText('POINT(-73.935242 40.730610)', 4326),
        '123 Main St, Cityville'),
       ('loc-002', '102', '1', 'Main Building', ST_GeomFromText('POINT(-73.935250 40.730620)', 4326),
        '123 Main St, Cityville'),
       ('loc-003', '201', '2', 'Science Hall', ST_GeomFromText('POINT(-73.935260 40.730630)', 4326),
        '456 Science Rd, Cityville'),
       ('loc-004', '202', '2', 'Science Hall', ST_GeomFromText('POINT(-73.935270 40.730640)', 4326),
        '456 Science Rd, Cityville'),
       ('loc-005', '301', '3', 'History Center', ST_GeomFromText('POINT(-73.935280 40.730650)', 4326),
        '789 History Ln, Cityville');

INSERT INTO "Cameras" ("Id", "Name", "Location", "IsActive", "CreatedAt", "UpdatedAt")
SELECT
    gen_random_uuid() AS "Id",
    'Camera - ' || COALESCE("Building", '') || ' ' || COALESCE("Room", "Id") AS "Name",
    "Id" AS "Location",
    TRUE AS "IsActive",
    now() AS "CreatedAt",
    NULL AS "UpdatedAt"
FROM "Locations"
ON CONFLICT ("Id") DO NOTHING;

INSERT INTO "Classes" ("Id", "CourseCode", "CourseYear", "CourseSemesterCode", "StartTime", "EndTime", "Location")
VALUES (gen_random_uuid(), 'CS101', 2023, 1, '2023-09-01 09:00:00+00', '2023-09-01 10:30:00+00', 'loc-001'),
       (gen_random_uuid(), 'MATH201', 2023, 1, '2023-09-01 11:00:00+00', '2023-09-01 12:30:00+00', 'loc-001'),
       (gen_random_uuid(), 'PHY301', 2023, 2, '2023-09-02 09:00:00+00', '2023-09-02 10:30:00+00', 'loc-003'),
       (gen_random_uuid(), 'ENG101', 2023, 2, '2023-09-02 11:00:00+00', '2023-09-02 12:30:00+00', 'loc-003'),
       (gen_random_uuid(), 'HIST201', 2023, 1, '2023-09-03 09:00:00+00', '2023-09-03 10:30:00+00', 'loc-003'),
       (gen_random_uuid(), 'MATH201', 2023, 1, '2023-09-03 11:00:00+00', '2023-09-03 12:30:00+00', 'loc-003'),
       (gen_random_uuid(), 'CS101', 2023, 1, '2023-09-04 09:00:00+00', '2023-09-04 10:30:00+00', 'loc-001'),
       (gen_random_uuid(), 'PHY301', 2023, 2, '2023-09-04 11:00:00+00', '2023-09-04 12:30:00+00', 'loc-003'),
       (gen_random_uuid(), 'ENG101', 2023, 2, '2023-09-05 09:00:00+00', '2023-09-05 10:30:00+00', 'loc-003'),
       (gen_random_uuid(), 'HIST201', 2023, 1, '2023-09-05 11:00:00+00', '2023-09-05 12:30:00+00', 'loc-003');

INSERT INTO "Students" ("Id", "FirstName", "LastName", "CreatedAt", "UpdatedAt")
VALUES ('22222222-2222-2222-2222-222222222222', 'Liam', 'Johnson', now(), NULL),
       ('33333333-3333-3333-3333-333333333333', 'Olivia', 'Smith', now(), NULL),
       ('44444444-4444-4444-4444-444444444444', 'Noah', 'Williams', now(), NULL),
       ('55555555-5555-5555-5555-555555555555', 'Ava', 'Brown', now(), NULL),
       ('66666666-6666-6666-6666-666666666666', 'Elijah', 'Jones', now(), NULL),
       ('77777777-7777-7777-7777-777777777777', 'Sophia', 'Garcia', now(), NULL),
       ('88888888-8888-8888-8888-888888888888', 'James', 'Miller', now(), NULL),
       ('99999999-9999-9999-9999-999999999999', 'Isabella', 'Davis', now(), NULL),
       ('aaaaaaaa-aaaa-aaaa-aaaa-aaaaaaaaaaaa', 'William', 'Rodriguez', now(), NULL);

INSERT INTO "Attendance" ("ClassId", "StudentId", "Timestamp", "Reason")
VALUES ((SELECT "Id" FROM "Classes" WHERE "CourseCode" = 'CS101' AND "StartTime" = '2023-09-01 09:00:00+00'),
        '22222222-2222-2222-2222-222222222222', '2023-09-01 09:05:00+00', NULL),
       ((SELECT "Id" FROM "Classes" WHERE "CourseCode" = 'CS101' AND "StartTime" = '2023-09-01 09:00:00+00'),
        '33333333-3333-3333-3333-333333333333', '2023-09-01 09:10:00+00', NULL),
       ((SELECT "Id" FROM "Classes" WHERE "CourseCode" = 'MATH201' AND "StartTime" = '2023-09-01 11:00:00+00'),
        '44444444-4444-4444-4444-444444444444', '2023-09-01 11:05:00+00', NULL),
       ((SELECT "Id" FROM "Classes" WHERE "CourseCode" = 'MATH201' AND "StartTime" = '2023-09-01 11:00:00+00'),
        '55555555-5555-5555-5555-555555555555', '2023-09-01 11:15:00+00', NULL),
       ((SELECT "Id" FROM "Classes" WHERE "CourseCode" = 'PHY301' AND "StartTime" = '2023-09-02 09:00:00+00'),
        '66666666-6666-6666-6666-666666666666', '2023-09-02 09:05:00+00', NULL),
       ((SELECT "Id" FROM "Classes" WHERE "CourseCode" = 'PHY301' AND "StartTime" = '2023-09-02 09:00:00+00'),
        '77777777-7777-7777-7777-777777777777', '2023-09-02 09:20:00+00', NULL),
       ((SELECT "Id" FROM "Classes" WHERE "CourseCode" = 'ENG101' AND "StartTime" = '2023-09-02 11:00:00+00'),
        '88888888-8888-8888-8888-888888888888', '2023-09-02 11:05:00+00', NULL),
       ((SELECT "Id" FROM "Classes" WHERE "CourseCode" = 'HIST201' AND "StartTime" = '2023-09-03 09:00:00+00'),
        'aaaaaaaa-aaaa-aaaa-aaaa-aaaaaaaaaaaa', '2023-09-03 09:05:00+00', NULL),
       ((SELECT "Id" FROM "Classes" WHERE "CourseCode" = 'HIST201' AND "StartTime" = '2023-09-03 09:00:00+00'),
        '22222222-2222-2222-2222-222222222222', '2023-09-03 09:25:00+00', NULL),
       ((SELECT "Id" FROM "Classes" WHERE "CourseCode" = 'MATH201' AND "StartTime" = '2023-09-03 11:00:00+00'),
        '33333333-3333-3333-3333-333333333333', '2023-09-03 11:05:00+00', NULL),
       ((SELECT "Id" FROM "Classes" WHERE "CourseCode" = 'MATH201' AND "StartTime" = '2023-09-03 11:00:00+00'),
        '44444444-4444-4444-4444-444444444444', '2023-09-03 11:15:00+00', NULL),
       ((SELECT "Id" FROM "Classes" WHERE "CourseCode" = 'CS101' AND "StartTime" = '2023-09-04 09:00:00+00'),
        '55555555-5555-5555-5555-555555555555', '2023-09-04 09:05:00+00', NULL),
       ((SELECT "Id" FROM "Classes" WHERE "CourseCode" = 'CS101' AND "StartTime" = '2023-09-04 09:00:00+00'),
        '66666666-6666-6666-6666-666666666666', '2023-09-04 09:30:00+00', NULL),
       ((SELECT "Id" FROM "Classes" WHERE "CourseCode" = 'PHY301' AND "StartTime" = '2023-09-04 11:00:00+00'),
        '77777777-7777-7777-7777-777777777777', '2023-09-04 11:05:00+00', NULL),
       ((SELECT "Id" FROM "Classes" WHERE "CourseCode" = 'PHY301' AND "StartTime" = '2023-09-04 11:00:00+00'),
        '88888888-8888-8888-8888-888888888888', '2023-09-04 11:15:00+00', NULL),
       ((SELECT "Id" FROM "Classes" WHERE "CourseCode" = 'ENG101' AND "StartTime" = '2023-09-05 09:00:00+00'),
        'aaaaaaaa-aaaa-aaaa-aaaa-aaaaaaaaaaaa', '2023-09-05 09:20:00+00', NULL),
       ((SELECT "Id" FROM "Classes" WHERE "CourseCode" = 'HIST201' AND "StartTime" = '2023-09-05 11:00:00+00'),
        '22222222-2222-2222-2222-222222222222', '2023-09-05 11:05:00+00', NULL),
       ((SELECT "Id" FROM "Classes" WHERE "CourseCode" = 'HIST201' AND "StartTime" = '2023-09-05 11:00:00+00'),
        '33333333-3333-3333-3333-333333333333', '2023-09-05 11:15:00+00', NULL);

-- Student users from 11 to 30
-- sql
INSERT INTO auth.users (instance_id, id, aud, role, email, encrypted_password,
                        email_confirmed_at, recovery_sent_at, last_sign_in_at,
                        raw_app_meta_data, raw_user_meta_data,
                        created_at, updated_at,
                        confirmation_token, email_change, email_change_token_new, recovery_token)
VALUES ('00000000-0000-0000-0000-000000000000', '00000000-0000-0000-0000-000000000011', 'authenticated',
        'authenticated', 'student11@example.com', crypt('password123', gen_salt('bf')), now(), now(), now(),
        '{"provider":"email","providers":["email"]}', '{}'::jsonb, now(), now(), '', '', '', ''),
       ('00000000-0000-0000-0000-000000000000', '00000000-0000-0000-0000-000000000012', 'authenticated',
        'authenticated', 'student12@example.com', crypt('password123', gen_salt('bf')), now(), now(), now(),
        '{"provider":"email","providers":["email"]}', '{}'::jsonb, now(), now(), '', '', '', ''),
       ('00000000-0000-0000-0000-000000000000', '00000000-0000-0000-0000-000000000013', 'authenticated',
        'authenticated', 'student13@example.com', crypt('password123', gen_salt('bf')), now(), now(), now(),
        '{"provider":"email","providers":["email"]}', '{}'::jsonb, now(), now(), '', '', '', ''),
       ('00000000-0000-0000-0000-000000000000', '00000000-0000-0000-0000-000000000014', 'authenticated',
        'authenticated', 'student14@example.com', crypt('password123', gen_salt('bf')), now(), now(), now(),
        '{"provider":"email","providers":["email"]}', '{}'::jsonb, now(), now(), '', '', '', ''),
       ('00000000-0000-0000-0000-000000000000', '00000000-0000-0000-0000-000000000015', 'authenticated',
        'authenticated', 'student15@example.com', crypt('password123', gen_salt('bf')), now(), now(), now(),
        '{"provider":"email","providers":["email"]}', '{}'::jsonb, now(), now(), '', '', '', ''),
       ('00000000-0000-0000-0000-000000000000', '00000000-0000-0000-0000-000000000016', 'authenticated',
        'authenticated', 'student16@example.com', crypt('password123', gen_salt('bf')), now(), now(), now(),
        '{"provider":"email","providers":["email"]}', '{}'::jsonb, now(), now(), '', '', '', ''),
       ('00000000-0000-0000-0000-000000000000', '00000000-0000-0000-0000-000000000017', 'authenticated',
        'authenticated', 'student17@example.com', crypt('password123', gen_salt('bf')), now(), now(), now(),
        '{"provider":"email","providers":["email"]}', '{}'::jsonb, now(), now(), '', '', '', ''),
       ('00000000-0000-0000-0000-000000000000', '00000000-0000-0000-0000-000000000018', 'authenticated',
        'authenticated', 'student18@example.com', crypt('password123', gen_salt('bf')), now(), now(), now(),
        '{"provider":"email","providers":["email"]}', '{}'::jsonb, now(), now(), '', '', '', ''),
       ('00000000-0000-0000-0000-000000000000', '00000000-0000-0000-0000-000000000019', 'authenticated',
        'authenticated', 'student19@example.com', crypt('password123', gen_salt('bf')), now(), now(), now(),
        '{"provider":"email","providers":["email"]}', '{}'::jsonb, now(), now(), '', '', '', ''),
       ('00000000-0000-0000-0000-000000000000', '00000000-0000-0000-0000-000000000020', 'authenticated',
        'authenticated', 'student20@example.com', crypt('password123', gen_salt('bf')), now(), now(), now(),
        '{"provider":"email","providers":["email"]}', '{}'::jsonb, now(), now(), '', '', '', ''),
       ('00000000-0000-0000-0000-000000000000', '00000000-0000-0000-0000-000000000021', 'authenticated',
        'authenticated', 'student21@example.com', crypt('password123', gen_salt('bf')), now(), now(), now(),
        '{"provider":"email","providers":["email"]}', '{}'::jsonb, now(), now(), '', '', '', ''),
       ('00000000-0000-0000-0000-000000000022', '00000000-0000-0000-0000-000000000022', 'authenticated',
        'authenticated', 'student22@example.com', crypt('password123', gen_salt('bf')), now(), now(), now(),
        '{"provider":"email","providers":["email"]}', '{}'::jsonb, now(), now(), '', '', '', ''),
       ('00000000-0000-0000-0000-000000000023', '00000000-0000-0000-0000-000000000023', 'authenticated',
        'authenticated', 'student23@example.com', crypt('password123', gen_salt('bf')), now(), now(), now(),
        '{"provider":"email","providers":["email"]}', '{}'::jsonb, now(), now(), '', '', '', ''),
       ('00000000-0000-0000-0000-000000000024', '00000000-0000-0000-0000-000000000024', 'authenticated',
        'authenticated', 'student24@example.com', crypt('password123', gen_salt('bf')), now(), now(), now(),
        '{"provider":"email","providers":["email"]}', '{}'::jsonb, now(), now(), '', '', '', ''),
       ('00000000-0000-0000-0000-000000000025', '00000000-0000-0000-0000-000000000025', 'authenticated',
        'authenticated', 'student25@example.com', crypt('password123', gen_salt('bf')), now(), now(), now(),
        '{"provider":"email","providers":["email"]}', '{}'::jsonb, now(), now(), '', '', '', ''),
       ('00000000-0000-0000-0000-000000000026', '00000000-0000-0000-0000-000000000026', 'authenticated',
        'authenticated', 'student26@example.com', crypt('password123', gen_salt('bf')), now(), now(), now(),
        '{"provider":"email","providers":["email"]}', '{}'::jsonb, now(), now(), '', '', '', ''),
       ('00000000-0000-0000-0000-000000000027', '00000000-0000-0000-0000-000000000027', 'authenticated',
        'authenticated', 'student27@example.com', crypt('password123', gen_salt('bf')), now(), now(), now(),
        '{"provider":"email","providers":["email"]}', '{}'::jsonb, now(), now(), '', '', '', ''),
       ('00000000-0000-0000-0000-000000000028', '00000000-0000-0000-0000-000000000028', 'authenticated',
        'authenticated', 'student28@example.com', crypt('password123', gen_salt('bf')), now(), now(), now(),
        '{"provider":"email","providers":["email"]}', '{}'::jsonb, now(), now(), '', '', '', ''),
       ('00000000-0000-0000-0000-000000000029', '00000000-0000-0000-0000-000000000029', 'authenticated',
        'authenticated', 'student29@example.com', crypt('password123', gen_salt('bf')), now(), now(), now(),
        '{"provider":"email","providers":["email"]}', '{}'::jsonb, now(), now(), '', '', '', ''),
       ('00000000-0000-0000-0000-000000000030', '00000000-0000-0000-0000-000000000030', 'authenticated',
        'authenticated', 'student30@example.com', crypt('password123', gen_salt('bf')), now(), now(), now(),
        '{"provider":"email","providers":["email"]}', '{}'::jsonb, now(), now(), '', '', '', '')
;

INSERT INTO auth.identities (id, user_id, provider_id, identity_data, provider, last_sign_in_at, created_at, updated_at)
VALUES ('20000000-0000-0000-0000-000000000011', '00000000-0000-0000-0000-000000000011',
        '00000000-0000-0000-0000-000000000011',
        '{"sub":"00000000-0000-0000-0000-000000000011","email":"student11@example.com"}', 'email', now(), now(), now()),
       ('20000000-0000-0000-0000-000000000012', '00000000-0000-0000-0000-000000000012',
        '00000000-0000-0000-0000-000000000012',
        '{"sub":"00000000-0000-0000-0000-000000000012","email":"student12@example.com"}', 'email', now(), now(), now()),
       ('20000000-0000-0000-0000-000000000013', '00000000-0000-0000-0000-000000000013',
        '00000000-0000-0000-0000-000000000013',
        '{"sub":"00000000-0000-0000-0000-000000000013","email":"student13@example.com"}', 'email', now(), now(), now()),
       ('20000000-0000-0000-0000-000000000014', '00000000-0000-0000-0000-000000000014',
        '00000000-0000-0000-0000-000000000014',
        '{"sub":"00000000-0000-0000-0000-000000000014","email":"student14@example.com"}', 'email', now(), now(), now()),
       ('20000000-0000-0000-0000-000000000015', '00000000-0000-0000-0000-000000000015',
        '00000000-0000-0000-0000-000000000015',
        '{"sub":"00000000-0000-0000-0000-000000000015","email":"student15@example.com"}', 'email', now(), now(), now()),
       ('20000000-0000-0000-0000-000000000016', '00000000-0000-0000-0000-000000000016',
        '00000000-0000-0000-0000-000000000016',
        '{"sub":"00000000-0000-0000-0000-000000000016","email":"student16@example.com"}', 'email', now(), now(), now()),
       ('20000000-0000-0000-0000-000000000017', '00000000-0000-0000-0000-000000000017',
        '00000000-0000-0000-0000-000000000017',
        '{"sub":"00000000-0000-0000-0000-000000000017","email":"student17@example.com"}', 'email', now(), now(), now()),
       ('20000000-0000-0000-0000-000000000018', '00000000-0000-0000-0000-000000000018',
        '00000000-0000-0000-0000-000000000018',
        '{"sub":"00000000-0000-0000-0000-000000000018","email":"student18@example.com"}', 'email', now(), now(), now()),
       ('20000000-0000-0000-0000-000000000019', '00000000-0000-0000-0000-000000000019',
        '00000000-0000-0000-0000-000000000019',
        '{"sub":"00000000-0000-0000-0000-000000000019","email":"student19@example.com"}', 'email', now(), now(), now()),
       ('20000000-0000-0000-0000-000000000020', '00000000-0000-0000-0000-000000000020',
        '00000000-0000-0000-0000-000000000020',
        '{"sub":"00000000-0000-0000-0000-000000000020","email":"student20@example.com"}', 'email', now(), now(), now()),
       ('20000000-0000-0000-0000-000000000021', '00000000-0000-0000-0000-000000000021',
        '00000000-0000-0000-0000-000000000021',
        '{"sub":"00000000-0000-0000-0000-000000000021","email":"student21@example.com"}', 'email', now(), now(), now()),
       ('20000000-0000-0000-0000-000000000022', '00000000-0000-0000-0000-000000000022',
        '00000000-0000-0000-0000-000000000022',
        '{"sub":"00000000-0000-0000-0000-000000000022","email":"student22@example.com"}', 'email', now(), now(), now()),
       ('20000000-0000-0000-0000-000000000023', '00000000-0000-0000-0000-000000000023',
        '00000000-0000-0000-0000-000000000023',
        '{"sub":"00000000-0000-0000-0000-000000000023","email":"student23@example.com"}', 'email', now(), now(), now()),
       ('20000000-0000-0000-0000-000000000024', '00000000-0000-0000-0000-000000000024',
        '00000000-0000-0000-0000-000000000024',
        '{"sub":"00000000-0000-0000-0000-000000000024","email":"student24@example.com"}', 'email', now(), now(), now()),
       ('20000000-0000-0000-0000-000000000025', '00000000-0000-0000-0000-000000000025',
        '00000000-0000-0000-0000-000000000025',
        '{"sub":"00000000-0000-0000-0000-000000000025","email":"student25@example.com"}', 'email', now(), now(), now()),
       ('20000000-0000-0000-0000-000000000026', '00000000-0000-0000-0000-000000000026',
        '00000000-0000-0000-0000-000000000026',
        '{"sub":"00000000-0000-0000-0000-000000000026","email":"student26@example.com"}', 'email', now(), now(), now()),
       ('20000000-0000-0000-0000-000000000027', '00000000-0000-0000-0000-000000000027',
        '00000000-0000-0000-0000-000000000027',
        '{"sub":"00000000-0000-0000-0000-000000000027","email":"student27@example.com"}', 'email', now(), now(), now()),
       ('20000000-0000-0000-0000-000000000028', '00000000-0000-0000-0000-000000000028',
        '00000000-0000-0000-0000-000000000028',
        '{"sub":"00000000-0000-0000-0000-000000000028","email":"student28@example.com"}', 'email', now(), now(), now()),
       ('20000000-0000-0000-0000-000000000029', '00000000-0000-0000-0000-000000000029',
        '00000000-0000-0000-0000-000000000029',
        '{"sub":"00000000-0000-0000-0000-000000000029","email":"student29@example.com"}', 'email', now(), now(), now()),
       ('20000000-0000-0000-0000-000000000030', '00000000-0000-0000-0000-000000000030',
        '00000000-0000-0000-0000-000000000030',
        '{"sub":"00000000-0000-0000-0000-000000000030","email":"student30@example.com"}', 'email', now(), now(), now())
;

INSERT INTO "Students" ("Id", "FirstName", "LastName", "CreatedAt", "UpdatedAt")
VALUES ('00000000-0000-0000-0000-000000000011', 'Mia', 'Evans', now(), NULL),
       ('00000000-0000-0000-0000-000000000012', 'Lucas', 'Martinez', now(), NULL),
       ('00000000-0000-0000-0000-000000000013', 'Zoe', 'Turner', now(), NULL),
       ('00000000-0000-0000-0000-000000000014', 'Henry', 'Scott', now(), NULL),
       ('00000000-0000-0000-0000-000000000015', 'Nora', 'Ramirez', now(), NULL),
       ('00000000-0000-0000-0000-000000000016', 'Owen', 'Cooper', now(), NULL),
       ('00000000-0000-0000-0000-000000000017', 'Lily', 'Brooks', now(), NULL),
       ('00000000-0000-0000-0000-000000000018', 'Caleb', 'Bell', now(), NULL),
       ('00000000-0000-0000-0000-000000000019', 'Ruby', 'Foster', now(), NULL),
       ('00000000-0000-0000-0000-000000000020', 'Ian', 'Murphy', now(), NULL),
       ('00000000-0000-0000-0000-000000000021', 'Grace', 'Kelly', now(), NULL),
       ('00000000-0000-0000-0000-000000000022', 'Ethan', 'Ward', now(), NULL),
       ('00000000-0000-0000-0000-000000000023', 'Chloe', 'Gray', now(), NULL),
       ('00000000-0000-0000-0000-000000000024', 'Marcus', 'Reed', now(), NULL),
       ('00000000-0000-0000-0000-000000000025', 'Ivy', 'Hughes', now(), NULL),
       ('00000000-0000-0000-0000-000000000026', 'Leo', 'Sanders', now(), NULL),
       ('00000000-0000-0000-0000-000000000027', 'Ava', 'Powell', now(), NULL),
       ('00000000-0000-0000-0000-000000000028', 'Simon', 'Price', now(), NULL),
       ('00000000-0000-0000-0000-000000000029', 'Stella', 'Green', now(), NULL),
       ('00000000-0000-0000-0000-000000000030', 'Miles', 'Bennett', now(), NULL);

INSERT INTO "Enrollments" ("StudentId", "CourseCode", "CourseYear", "CourseSemesterCode", "EnrolledAt")
VALUES ('00000000-0000-0000-0000-000000000011', 'CS101', 2023, 1, now()),
       ('00000000-0000-0000-0000-000000000011', 'MATH201', 2023, 1, now()),
       ('00000000-0000-0000-0000-000000000011', 'HIST201', 2023, 1, now()),

       ('00000000-0000-0000-0000-000000000012', 'CS101', 2023, 1, now()),
       ('00000000-0000-0000-0000-000000000012', 'MATH201', 2023, 1, now()),
       ('00000000-0000-0000-0000-000000000012', 'HIST201', 2023, 1, now()),

       ('00000000-0000-0000-0000-000000000013', 'CS101', 2023, 1, now()),
       ('00000000-0000-0000-0000-000000000013', 'MATH201', 2023, 1, now()),
       ('00000000-0000-0000-0000-000000000013', 'HIST201', 2023, 1, now()),

       ('00000000-0000-0000-0000-000000000014', 'CS101', 2023, 1, now()),
       ('00000000-0000-0000-0000-000000000014', 'MATH201', 2023, 1, now()),
       ('00000000-0000-0000-0000-000000000014', 'HIST201', 2023, 1, now()),

       ('00000000-0000-0000-0000-000000000015', 'CS101', 2023, 1, now()),
       ('00000000-0000-0000-0000-000000000015', 'MATH201', 2023, 1, now()),
       ('00000000-0000-0000-0000-000000000015', 'HIST201', 2023, 1, now()),

       ('00000000-0000-0000-0000-000000000016', 'CS101', 2023, 1, now()),
       ('00000000-0000-0000-0000-000000000016', 'MATH201', 2023, 1, now()),
       ('00000000-0000-0000-0000-000000000016', 'HIST201', 2023, 1, now()),

       ('00000000-0000-0000-0000-000000000017', 'CS101', 2023, 1, now()),
       ('00000000-0000-0000-0000-000000000017', 'MATH201', 2023, 1, now()),
       ('00000000-0000-0000-0000-000000000017', 'HIST201', 2023, 1, now()),

       ('00000000-0000-0000-0000-000000000018', 'CS101', 2023, 1, now()),
       ('00000000-0000-0000-0000-000000000018', 'MATH201', 2023, 1, now()),
       ('00000000-0000-0000-0000-000000000018', 'HIST201', 2023, 1, now()),

       ('00000000-0000-0000-0000-000000000019', 'CS101', 2023, 1, now()),
       ('00000000-0000-0000-0000-000000000019', 'MATH201', 2023, 1, now()),
       ('00000000-0000-0000-0000-000000000019', 'HIST201', 2023, 1, now()),

       ('00000000-0000-0000-0000-000000000020', 'CS101', 2023, 1, now()),
       ('00000000-0000-0000-0000-000000000020', 'MATH201', 2023, 1, now()),
       ('00000000-0000-0000-0000-000000000020', 'HIST201', 2023, 1, now()),

       ('00000000-0000-0000-0000-000000000021', 'CS101', 2023, 1, now()),
       ('00000000-0000-0000-0000-000000000021', 'MATH201', 2023, 1, now()),
       ('00000000-0000-0000-0000-000000000021', 'HIST201', 2023, 1, now()),

       ('00000000-0000-0000-0000-000000000022', 'CS101', 2023, 1, now()),
       ('00000000-0000-0000-0000-000000000022', 'MATH201', 2023, 1, now()),
       ('00000000-0000-0000-0000-000000000022', 'HIST201', 2023, 1, now()),

       ('00000000-0000-0000-0000-000000000023', 'CS101', 2023, 1, now()),
       ('00000000-0000-0000-0000-000000000023', 'MATH201', 2023, 1, now()),
       ('00000000-0000-0000-0000-000000000023', 'HIST201', 2023, 1, now()),

       ('00000000-0000-0000-0000-000000000024', 'CS101', 2023, 1, now()),
       ('00000000-0000-0000-0000-000000000024', 'MATH201', 2023, 1, now()),
       ('00000000-0000-0000-0000-000000000024', 'HIST201', 2023, 1, now()),

       ('00000000-0000-0000-0000-000000000025', 'CS101', 2023, 1, now()),
       ('00000000-0000-0000-0000-000000000025', 'MATH201', 2023, 1, now()),
       ('00000000-0000-0000-0000-000000000025', 'HIST201', 2023, 1, now()),

       ('00000000-0000-0000-0000-000000000026', 'CS101', 2023, 1, now()),
       ('00000000-0000-0000-0000-000000000026', 'MATH201', 2023, 1, now()),
       ('00000000-0000-0000-0000-000000000026', 'HIST201', 2023, 1, now()),

       ('00000000-0000-0000-0000-000000000027', 'CS101', 2023, 1, now()),
       ('00000000-0000-0000-0000-000000000027', 'MATH201', 2023, 1, now()),
       ('00000000-0000-0000-0000-000000000027', 'HIST201', 2023, 1, now()),

       ('00000000-0000-0000-0000-000000000028', 'CS101', 2023, 1, now()),
       ('00000000-0000-0000-0000-000000000028', 'MATH201', 2023, 1, now()),
       ('00000000-0000-0000-0000-000000000028', 'HIST201', 2023, 1, now()),

       ('00000000-0000-0000-0000-000000000029', 'CS101', 2023, 1, now()),
       ('00000000-0000-0000-0000-000000000029', 'MATH201', 2023, 1, now()),
       ('00000000-0000-0000-0000-000000000029', 'HIST201', 2023, 1, now()),

       ('00000000-0000-0000-0000-000000000030', 'CS101', 2023, 1, now()),
       ('00000000-0000-0000-0000-000000000030', 'MATH201', 2023, 1, now()),
       ('00000000-0000-0000-0000-000000000030', 'HIST201', 2023, 1, now());


-- sql
INSERT INTO "Classes" ("Id", "CourseCode", "CourseYear", "CourseSemesterCode", "StartTime", "EndTime", "Location")
VALUES
-- CS101 (semester 1)
(gen_random_uuid(), 'CS101', 2023, 1, '2023-09-01 09:00:00+00', '2023-09-01 10:30:00+00', 'loc-001'),
(gen_random_uuid(), 'CS101', 2023, 1, '2023-09-02 09:00:00+00', '2023-09-02 10:30:00+00', 'loc-002'),
(gen_random_uuid(), 'CS101', 2023, 1, '2023-09-03 09:00:00+00', '2023-09-03 10:30:00+00', 'loc-003'),
(gen_random_uuid(), 'CS101', 2023, 1, '2023-09-04 09:00:00+00', '2023-09-04 10:30:00+00', 'loc-004'),
(gen_random_uuid(), 'CS101', 2023, 1, '2023-09-05 09:00:00+00', '2023-09-05 10:30:00+00', 'loc-005'),
(gen_random_uuid(), 'CS101', 2023, 1, '2023-09-06 09:00:00+00', '2023-09-06 10:30:00+00', 'loc-001'),
(gen_random_uuid(), 'CS101', 2023, 1, '2023-09-07 09:00:00+00', '2023-09-07 10:30:00+00', 'loc-002'),
(gen_random_uuid(), 'CS101', 2023, 1, '2023-09-08 09:00:00+00', '2023-09-08 10:30:00+00', 'loc-003'),
(gen_random_uuid(), 'CS101', 2023, 1, '2023-09-09 09:00:00+00', '2023-09-09 10:30:00+00', 'loc-004'),
(gen_random_uuid(), 'CS101', 2023, 1, '2023-09-10 09:00:00+00', '2023-09-10 10:30:00+00', 'loc-005'),
(gen_random_uuid(), 'CS101', 2023, 1, '2025-09-01 09:00:00+00', '2025-09-01 10:30:00+00', 'loc-001'),
(gen_random_uuid(), 'CS101', 2023, 1, '2025-09-02 09:00:00+00', '2025-09-02 10:30:00+00', 'loc-002'),
(gen_random_uuid(), 'CS101', 2023, 1, '2025-09-03 09:00:00+00', '2025-09-03 10:30:00+00', 'loc-003'),
(gen_random_uuid(), 'CS101', 2023, 1, '2025-09-04 09:00:00+00', '2025-09-04 10:30:00+00', 'loc-004'),
(gen_random_uuid(), 'CS101', 2023, 1, '2025-09-05 09:00:00+00', '2025-09-05 10:30:00+00', 'loc-005'),
(gen_random_uuid(), 'CS101', 2023, 1, '2025-09-06 09:00:00+00', '2025-09-06 10:30:00+00', 'loc-001'),
(gen_random_uuid(), 'CS101', 2023, 1, '2025-09-07 09:00:00+00', '2025-09-07 10:30:00+00', 'loc-002'),
(gen_random_uuid(), 'CS101', 2023, 1, '2025-09-08 09:00:00+00', '2025-09-08 10:30:00+00', 'loc-003'),
(gen_random_uuid(), 'CS101', 2023, 1, '2025-09-09 09:00:00+00', '2025-09-09 10:30:00+00', 'loc-004'),
(gen_random_uuid(), 'CS101', 2023, 1, '2025-09-10 09:00:00+00', '2025-09-10 10:30:00+00', 'loc-005'),

-- MATH201 (semester 1)
(gen_random_uuid(), 'MATH201', 2023, 1, '2023-09-01 11:00:00+00', '2023-09-01 12:30:00+00', 'loc-001'),
(gen_random_uuid(), 'MATH201', 2023, 1, '2023-09-02 11:00:00+00', '2023-09-02 12:30:00+00', 'loc-002'),
(gen_random_uuid(), 'MATH201', 2023, 1, '2023-09-03 11:00:00+00', '2023-09-03 12:30:00+00', 'loc-003'),
(gen_random_uuid(), 'MATH201', 2023, 1, '2023-09-04 11:00:00+00', '2023-09-04 12:30:00+00', 'loc-004'),
(gen_random_uuid(), 'MATH201', 2023, 1, '2023-09-05 11:00:00+00', '2023-09-05 12:30:00+00', 'loc-005'),
(gen_random_uuid(), 'MATH201', 2023, 1, '2023-09-06 11:00:00+00', '2023-09-06 12:30:00+00', 'loc-001'),
(gen_random_uuid(), 'MATH201', 2023, 1, '2023-09-07 11:00:00+00', '2023-09-07 12:30:00+00', 'loc-002'),
(gen_random_uuid(), 'MATH201', 2023, 1, '2023-09-08 11:00:00+00', '2023-09-08 12:30:00+00', 'loc-003'),
(gen_random_uuid(), 'MATH201', 2023, 1, '2023-09-09 11:00:00+00', '2023-09-09 12:30:00+00', 'loc-004'),
(gen_random_uuid(), 'MATH201', 2023, 1, '2023-09-10 11:00:00+00', '2023-09-10 12:30:00+00', 'loc-005'),
(gen_random_uuid(), 'MATH201', 2023, 1, '2025-09-01 11:00:00+00', '2025-09-01 12:30:00+00', 'loc-001'),
(gen_random_uuid(), 'MATH201', 2023, 1, '2025-09-02 11:00:00+00', '2025-09-02 12:30:00+00', 'loc-002'),
(gen_random_uuid(), 'MATH201', 2023, 1, '2025-09-03 11:00:00+00', '2025-09-03 12:30:00+00', 'loc-003'),
(gen_random_uuid(), 'MATH201', 2023, 1, '2025-09-04 11:00:00+00', '2025-09-04 12:30:00+00', 'loc-004'),
(gen_random_uuid(), 'MATH201', 2023, 1, '2025-09-05 11:00:00+00', '2025-09-05 12:30:00+00', 'loc-005'),
(gen_random_uuid(), 'MATH201', 2023, 1, '2025-09-06 11:00:00+00', '2025-09-06 12:30:00+00', 'loc-001'),
(gen_random_uuid(), 'MATH201', 2023, 1, '2025-09-07 11:00:00+00', '2025-09-07 12:30:00+00', 'loc-002'),
(gen_random_uuid(), 'MATH201', 2023, 1, '2025-09-08 11:00:00+00', '2025-09-08 12:30:00+00', 'loc-003'),
(gen_random_uuid(), 'MATH201', 2023, 1, '2025-09-09 11:00:00+00', '2025-09-09 12:30:00+00', 'loc-004'),
(gen_random_uuid(), 'MATH201', 2023, 1, '2025-09-10 11:00:00+00', '2025-09-10 12:30:00+00', 'loc-005'),

-- PHY301 (semester 2)
(gen_random_uuid(), 'PHY301', 2023, 2, '2023-09-01 13:00:00+00', '2023-09-01 14:30:00+00', 'loc-003'),
(gen_random_uuid(), 'PHY301', 2023, 2, '2023-09-02 13:00:00+00', '2023-09-02 14:30:00+00', 'loc-004'),
(gen_random_uuid(), 'PHY301', 2023, 2, '2023-09-03 13:00:00+00', '2023-09-03 14:30:00+00', 'loc-005'),
(gen_random_uuid(), 'PHY301', 2023, 2, '2023-09-04 13:00:00+00', '2023-09-04 14:30:00+00', 'loc-001'),
(gen_random_uuid(), 'PHY301', 2023, 2, '2023-09-05 13:00:00+00', '2023-09-05 14:30:00+00', 'loc-002'),
(gen_random_uuid(), 'PHY301', 2023, 2, '2023-09-06 13:00:00+00', '2023-09-06 14:30:00+00', 'loc-003'),
(gen_random_uuid(), 'PHY301', 2023, 2, '2023-09-07 13:00:00+00', '2023-09-07 14:30:00+00', 'loc-004'),
(gen_random_uuid(), 'PHY301', 2023, 2, '2023-09-08 13:00:00+00', '2023-09-08 14:30:00+00', 'loc-005'),
(gen_random_uuid(), 'PHY301', 2023, 2, '2023-09-09 13:00:00+00', '2023-09-09 14:30:00+00', 'loc-001'),
(gen_random_uuid(), 'PHY301', 2023, 2, '2023-09-10 13:00:00+00', '2023-09-10 14:30:00+00', 'loc-002'),
(gen_random_uuid(), 'PHY301', 2023, 2, '2025-09-01 13:00:00+00', '2025-09-01 14:30:00+00', 'loc-003'),
(gen_random_uuid(), 'PHY301', 2023, 2, '2025-09-02 13:00:00+00', '2025-09-02 14:30:00+00', 'loc-004'),
(gen_random_uuid(), 'PHY301', 2023, 2, '2025-09-03 13:00:00+00', '2025-09-03 14:30:00+00', 'loc-005'),
(gen_random_uuid(), 'PHY301', 2023, 2, '2025-09-04 13:00:00+00', '2025-09-04 14:30:00+00', 'loc-001'),
(gen_random_uuid(), 'PHY301', 2023, 2, '2025-09-05 13:00:00+00', '2025-09-05 14:30:00+00', 'loc-002'),
(gen_random_uuid(), 'PHY301', 2023, 2, '2025-09-06 13:00:00+00', '2025-09-06 14:30:00+00', 'loc-003'),
(gen_random_uuid(), 'PHY301', 2023, 2, '2025-09-07 13:00:00+00', '2025-09-07 14:30:00+00', 'loc-004'),
(gen_random_uuid(), 'PHY301', 2023, 2, '2025-09-08 13:00:00+00', '2025-09-08 14:30:00+00', 'loc-005'),
(gen_random_uuid(), 'PHY301', 2023, 2, '2025-09-09 13:00:00+00', '2025-09-09 14:30:00+00', 'loc-001'),
(gen_random_uuid(), 'PHY301', 2023, 2, '2025-09-10 13:00:00+00', '2025-09-10 14:30:00+00', 'loc-002'),

-- ENG101 (semester 2)
(gen_random_uuid(), 'ENG101', 2023, 2, '2023-09-01 15:00:00+00', '2023-09-01 16:30:00+00', 'loc-003'),
(gen_random_uuid(), 'ENG101', 2023, 2, '2023-09-02 15:00:00+00', '2023-09-02 16:30:00+00', 'loc-004'),
(gen_random_uuid(), 'ENG101', 2023, 2, '2023-09-03 15:00:00+00', '2023-09-03 16:30:00+00', 'loc-005'),
(gen_random_uuid(), 'ENG101', 2023, 2, '2023-09-04 15:00:00+00', '2023-09-04 16:30:00+00', 'loc-001'),
(gen_random_uuid(), 'ENG101', 2023, 2, '2023-09-05 15:00:00+00', '2023-09-05 16:30:00+00', 'loc-002'),
(gen_random_uuid(), 'ENG101', 2023, 2, '2023-09-06 15:00:00+00', '2023-09-06 16:30:00+00', 'loc-003'),
(gen_random_uuid(), 'ENG101', 2023, 2, '2023-09-07 15:00:00+00', '2023-09-07 16:30:00+00', 'loc-004'),
(gen_random_uuid(), 'ENG101', 2023, 2, '2023-09-08 15:00:00+00', '2023-09-08 16:30:00+00', 'loc-005'),
(gen_random_uuid(), 'ENG101', 2023, 2, '2023-09-09 15:00:00+00', '2023-09-09 16:30:00+00', 'loc-001'),
(gen_random_uuid(), 'ENG101', 2023, 2, '2023-09-10 15:00:00+00', '2023-09-10 16:30:00+00', 'loc-002'),
(gen_random_uuid(), 'ENG101', 2023, 2, '2025-09-01 15:00:00+00', '2025-09-01 16:30:00+00', 'loc-003'),
(gen_random_uuid(), 'ENG101', 2023, 2, '2025-09-02 15:00:00+00', '2025-09-02 16:30:00+00', 'loc-004'),
(gen_random_uuid(), 'ENG101', 2023, 2, '2025-09-03 15:00:00+00', '2025-09-03 16:30:00+00', 'loc-005'),
(gen_random_uuid(), 'ENG101', 2023, 2, '2025-09-04 15:00:00+00', '2025-09-04 16:30:00+00', 'loc-001'),
(gen_random_uuid(), 'ENG101', 2023, 2, '2025-09-05 15:00:00+00', '2025-09-05 16:30:00+00', 'loc-002'),
(gen_random_uuid(), 'ENG101', 2023, 2, '2025-09-06 15:00:00+00', '2025-09-06 16:30:00+00', 'loc-003'),
(gen_random_uuid(), 'ENG101', 2023, 2, '2025-09-07 15:00:00+00', '2025-09-07 16:30:00+00', 'loc-004'),
(gen_random_uuid(), 'ENG101', 2023, 2, '2025-09-08 15:00:00+00', '2025-09-08 16:30:00+00', 'loc-005'),
(gen_random_uuid(), 'ENG101', 2023, 2, '2025-09-09 15:00:00+00', '2025-09-09 16:30:00+00', 'loc-001'),
(gen_random_uuid(), 'ENG101', 2023, 2, '2025-09-10 15:00:00+00', '2025-09-10 16:30:00+00', 'loc-002'),

-- HIST201 (semester 1)
(gen_random_uuid(), 'HIST201', 2023, 1, '2023-09-01 09:00:00+00', '2023-09-01 10:30:00+00', 'loc-005'),
(gen_random_uuid(), 'HIST201', 2023, 1, '2023-09-02 09:00:00+00', '2023-09-02 10:30:00+00', 'loc-001'),
(gen_random_uuid(), 'HIST201', 2023, 1, '2023-09-03 09:00:00+00', '2023-09-03 10:30:00+00', 'loc-002'),
(gen_random_uuid(), 'HIST201', 2023, 1, '2023-09-04 09:00:00+00', '2023-09-04 10:30:00+00', 'loc-003'),
(gen_random_uuid(), 'HIST201', 2023, 1, '2023-09-05 09:00:00+00', '2023-09-05 10:30:00+00', 'loc-004'),
(gen_random_uuid(), 'HIST201', 2023, 1, '2023-09-06 09:00:00+00', '2023-09-06 10:30:00+00', 'loc-005'),
(gen_random_uuid(), 'HIST201', 2023, 1, '2023-09-07 09:00:00+00', '2023-09-07 10:30:00+00', 'loc-001'),
(gen_random_uuid(), 'HIST201', 2023, 1, '2023-09-08 09:00:00+00', '2023-09-08 10:30:00+00', 'loc-002'),
(gen_random_uuid(), 'HIST201', 2023, 1, '2023-09-09 09:00:00+00', '2023-09-09 10:30:00+00', 'loc-003'),
(gen_random_uuid(), 'HIST201', 2023, 1, '2023-09-10 09:00:00+00', '2023-09-10 10:30:00+00', 'loc-004'),
(gen_random_uuid(), 'HIST201', 2023, 1, '2025-09-01 09:00:00+00', '2025-09-01 10:30:00+00', 'loc-005'),
(gen_random_uuid(), 'HIST201', 2023, 1, '2025-09-02 09:00:00+00', '2025-09-02 10:30:00+00', 'loc-001'),
(gen_random_uuid(), 'HIST201', 2023, 1, '2025-09-03 09:00:00+00', '2025-09-03 10:30:00+00', 'loc-002'),
(gen_random_uuid(), 'HIST201', 2023, 1, '2025-09-04 09:00:00+00', '2025-09-04 10:30:00+00', 'loc-003'),
(gen_random_uuid(), 'HIST201', 2023, 1, '2025-09-05 09:00:00+00', '2025-09-05 10:30:00+00', 'loc-004'),
(gen_random_uuid(), 'HIST201', 2023, 1, '2025-09-06 09:00:00+00', '2025-09-06 10:30:00+00', 'loc-005'),
(gen_random_uuid(), 'HIST201', 2023, 1, '2025-09-07 09:00:00+00', '2025-09-07 10:30:00+00', 'loc-001'),
(gen_random_uuid(), 'HIST201', 2023, 1, '2025-09-08 09:00:00+00', '2025-09-08 10:30:00+00', 'loc-002'),
(gen_random_uuid(), 'HIST201', 2023, 1, '2025-09-09 09:00:00+00', '2025-09-09 10:30:00+00', 'loc-003'),
(gen_random_uuid(), 'HIST201', 2023, 1, '2025-09-10 09:00:00+00', '2025-09-10 10:30:00+00', 'loc-004');

-- sql
INSERT INTO "Classes" ("Id", "CourseCode", "CourseYear", "CourseSemesterCode", "StartTime", "EndTime", "Location")
VALUES
-- CS101 (semester 1)
(gen_random_uuid(), 'CS101', 2023, 1, '2023-09-01 09:00:00+00', '2023-09-01 10:30:00+00', 'loc-001'),
(gen_random_uuid(), 'CS101', 2023, 1, '2023-09-02 09:00:00+00', '2023-09-02 10:30:00+00', 'loc-002'),
(gen_random_uuid(), 'CS101', 2023, 1, '2023-09-03 09:00:00+00', '2023-09-03 10:30:00+00', 'loc-003'),
(gen_random_uuid(), 'CS101', 2023, 1, '2023-09-04 09:00:00+00', '2023-09-04 10:30:00+00', 'loc-004'),
(gen_random_uuid(), 'CS101', 2023, 1, '2023-09-05 09:00:00+00', '2023-09-05 10:30:00+00', 'loc-005'),
(gen_random_uuid(), 'CS101', 2023, 1, '2023-09-06 09:00:00+00', '2023-09-06 10:30:00+00', 'loc-001'),
(gen_random_uuid(), 'CS101', 2023, 1, '2023-09-07 09:00:00+00', '2023-09-07 10:30:00+00', 'loc-002'),
(gen_random_uuid(), 'CS101', 2023, 1, '2023-09-08 09:00:00+00', '2023-09-08 10:30:00+00', 'loc-003'),
(gen_random_uuid(), 'CS101', 2023, 1, '2023-09-09 09:00:00+00', '2023-09-09 10:30:00+00', 'loc-004'),
(gen_random_uuid(), 'CS101', 2023, 1, '2023-09-10 09:00:00+00', '2023-09-10 10:30:00+00', 'loc-005'),
(gen_random_uuid(), 'CS101', 2023, 1, '2025-09-01 09:00:00+00', '2025-09-01 10:30:00+00', 'loc-001'),
(gen_random_uuid(), 'CS101', 2023, 1, '2025-09-02 09:00:00+00', '2025-09-02 10:30:00+00', 'loc-002'),
(gen_random_uuid(), 'CS101', 2023, 1, '2025-09-03 09:00:00+00', '2025-09-03 10:30:00+00', 'loc-003'),
(gen_random_uuid(), 'CS101', 2023, 1, '2025-09-04 09:00:00+00', '2025-09-04 10:30:00+00', 'loc-004'),
(gen_random_uuid(), 'CS101', 2023, 1, '2025-09-05 09:00:00+00', '2025-09-05 10:30:00+00', 'loc-005'),
(gen_random_uuid(), 'CS101', 2023, 1, '2025-09-06 09:00:00+00', '2025-09-06 10:30:00+00', 'loc-001'),
(gen_random_uuid(), 'CS101', 2023, 1, '2025-09-07 09:00:00+00', '2025-09-07 10:30:00+00', 'loc-002'),
(gen_random_uuid(), 'CS101', 2023, 1, '2025-09-08 09:00:00+00', '2025-09-08 10:30:00+00', 'loc-003'),
(gen_random_uuid(), 'CS101', 2023, 1, '2025-09-09 09:00:00+00', '2025-09-09 10:30:00+00', 'loc-004'),
(gen_random_uuid(), 'CS101', 2023, 1, '2025-09-10 09:00:00+00', '2025-09-10 10:30:00+00', 'loc-005'),

-- MATH201 (semester 1)
(gen_random_uuid(), 'MATH201', 2023, 1, '2023-09-01 11:00:00+00', '2023-09-01 12:30:00+00', 'loc-001'),
(gen_random_uuid(), 'MATH201', 2023, 1, '2023-09-02 11:00:00+00', '2023-09-02 12:30:00+00', 'loc-002'),
(gen_random_uuid(), 'MATH201', 2023, 1, '2023-09-03 11:00:00+00', '2023-09-03 12:30:00+00', 'loc-003'),
(gen_random_uuid(), 'MATH201', 2023, 1, '2023-09-04 11:00:00+00', '2023-09-04 12:30:00+00', 'loc-004'),
(gen_random_uuid(), 'MATH201', 2023, 1, '2023-09-05 11:00:00+00', '2023-09-05 12:30:00+00', 'loc-005'),
(gen_random_uuid(), 'MATH201', 2023, 1, '2023-09-06 11:00:00+00', '2023-09-06 12:30:00+00', 'loc-001'),
(gen_random_uuid(), 'MATH201', 2023, 1, '2023-09-07 11:00:00+00', '2023-09-07 12:30:00+00', 'loc-002'),
(gen_random_uuid(), 'MATH201', 2023, 1, '2023-09-08 11:00:00+00', '2023-09-08 12:30:00+00', 'loc-003'),
(gen_random_uuid(), 'MATH201', 2023, 1, '2023-09-09 11:00:00+00', '2023-09-09 12:30:00+00', 'loc-004'),
(gen_random_uuid(), 'MATH201', 2023, 1, '2023-09-10 11:00:00+00', '2023-09-10 12:30:00+00', 'loc-005'),
(gen_random_uuid(), 'MATH201', 2023, 1, '2025-09-01 11:00:00+00', '2025-09-01 12:30:00+00', 'loc-001'),
(gen_random_uuid(), 'MATH201', 2023, 1, '2025-09-02 11:00:00+00', '2025-09-02 12:30:00+00', 'loc-002'),
(gen_random_uuid(), 'MATH201', 2023, 1, '2025-09-03 11:00:00+00', '2025-09-03 12:30:00+00', 'loc-003'),
(gen_random_uuid(), 'MATH201', 2023, 1, '2025-09-04 11:00:00+00', '2025-09-04 12:30:00+00', 'loc-004'),
(gen_random_uuid(), 'MATH201', 2023, 1, '2025-09-05 11:00:00+00', '2025-09-05 12:30:00+00', 'loc-005'),
(gen_random_uuid(), 'MATH201', 2023, 1, '2025-09-06 11:00:00+00', '2025-09-06 12:30:00+00', 'loc-001'),
(gen_random_uuid(), 'MATH201', 2023, 1, '2025-09-07 11:00:00+00', '2025-09-07 12:30:00+00', 'loc-002'),
(gen_random_uuid(), 'MATH201', 2023, 1, '2025-09-08 11:00:00+00', '2025-09-08 12:30:00+00', 'loc-003'),
(gen_random_uuid(), 'MATH201', 2023, 1, '2025-09-09 11:00:00+00', '2025-09-09 12:30:00+00', 'loc-004'),
(gen_random_uuid(), 'MATH201', 2023, 1, '2025-09-10 11:00:00+00', '2025-09-10 12:30:00+00', 'loc-005'),

-- PHY301 (semester 2)
(gen_random_uuid(), 'PHY301', 2023, 2, '2023-09-01 13:00:00+00', '2023-09-01 14:30:00+00', 'loc-003'),
(gen_random_uuid(), 'PHY301', 2023, 2, '2023-09-02 13:00:00+00', '2023-09-02 14:30:00+00', 'loc-004'),
(gen_random_uuid(), 'PHY301', 2023, 2, '2023-09-03 13:00:00+00', '2023-09-03 14:30:00+00', 'loc-005'),
(gen_random_uuid(), 'PHY301', 2023, 2, '2023-09-04 13:00:00+00', '2023-09-04 14:30:00+00', 'loc-001'),
(gen_random_uuid(), 'PHY301', 2023, 2, '2023-09-05 13:00:00+00', '2023-09-05 14:30:00+00', 'loc-002'),
(gen_random_uuid(), 'PHY301', 2023, 2, '2023-09-06 13:00:00+00', '2023-09-06 14:30:00+00', 'loc-003'),
(gen_random_uuid(), 'PHY301', 2023, 2, '2023-09-07 13:00:00+00', '2023-09-07 14:30:00+00', 'loc-004'),
(gen_random_uuid(), 'PHY301', 2023, 2, '2023-09-08 13:00:00+00', '2023-09-08 14:30:00+00', 'loc-005'),
(gen_random_uuid(), 'PHY301', 2023, 2, '2023-09-09 13:00:00+00', '2023-09-09 14:30:00+00', 'loc-001'),
(gen_random_uuid(), 'PHY301', 2023, 2, '2023-09-10 13:00:00+00', '2023-09-10 14:30:00+00', 'loc-002'),
(gen_random_uuid(), 'PHY301', 2023, 2, '2025-09-01 13:00:00+00', '2025-09-01 14:30:00+00', 'loc-003'),
(gen_random_uuid(), 'PHY301', 2023, 2, '2025-09-02 13:00:00+00', '2025-09-02 14:30:00+00', 'loc-004'),
(gen_random_uuid(), 'PHY301', 2023, 2, '2025-09-03 13:00:00+00', '2025-09-03 14:30:00+00', 'loc-005'),
(gen_random_uuid(), 'PHY301', 2023, 2, '2025-09-04 13:00:00+00', '2025-09-04 14:30:00+00', 'loc-001'),
(gen_random_uuid(), 'PHY301', 2023, 2, '2025-09-05 13:00:00+00', '2025-09-05 14:30:00+00', 'loc-002'),
(gen_random_uuid(), 'PHY301', 2023, 2, '2025-09-06 13:00:00+00', '2025-09-06 14:30:00+00', 'loc-003'),
(gen_random_uuid(), 'PHY301', 2023, 2, '2025-09-07 13:00:00+00', '2025-09-07 14:30:00+00', 'loc-004'),
(gen_random_uuid(), 'PHY301', 2023, 2, '2025-09-08 13:00:00+00', '2025-09-08 14:30:00+00', 'loc-005'),
(gen_random_uuid(), 'PHY301', 2023, 2, '2025-09-09 13:00:00+00', '2025-09-09 14:30:00+00', 'loc-001'),
(gen_random_uuid(), 'PHY301', 2023, 2, '2025-09-10 13:00:00+00', '2025-09-10 14:30:00+00', 'loc-002'),

-- ENG101 (semester 2)
(gen_random_uuid(), 'ENG101', 2023, 2, '2023-09-01 15:00:00+00', '2023-09-01 16:30:00+00', 'loc-003'),
(gen_random_uuid(), 'ENG101', 2023, 2, '2023-09-02 15:00:00+00', '2023-09-02 16:30:00+00', 'loc-004'),
(gen_random_uuid(), 'ENG101', 2023, 2, '2023-09-03 15:00:00+00', '2023-09-03 16:30:00+00', 'loc-005'),
(gen_random_uuid(), 'ENG101', 2023, 2, '2023-09-04 15:00:00+00', '2023-09-04 16:30:00+00', 'loc-001'),
(gen_random_uuid(), 'ENG101', 2023, 2, '2023-09-05 15:00:00+00', '2023-09-05 16:30:00+00', 'loc-002'),
(gen_random_uuid(), 'ENG101', 2023, 2, '2023-09-06 15:00:00+00', '2023-09-06 16:30:00+00', 'loc-003'),
(gen_random_uuid(), 'ENG101', 2023, 2, '2023-09-07 15:00:00+00', '2023-09-07 16:30:00+00', 'loc-004'),
(gen_random_uuid(), 'ENG101', 2023, 2, '2023-09-08 15:00:00+00', '2023-09-08 16:30:00+00', 'loc-005'),
(gen_random_uuid(), 'ENG101', 2023, 2, '2023-09-09 15:00:00+00', '2023-09-09 16:30:00+00', 'loc-001'),
(gen_random_uuid(), 'ENG101', 2023, 2, '2023-09-10 15:00:00+00', '2023-09-10 16:30:00+00', 'loc-002'),
(gen_random_uuid(), 'ENG101', 2023, 2, '2025-09-01 15:00:00+00', '2025-09-01 16:30:00+00', 'loc-003'),
(gen_random_uuid(), 'ENG101', 2023, 2, '2025-09-02 15:00:00+00', '2025-09-02 16:30:00+00', 'loc-004'),
(gen_random_uuid(), 'ENG101', 2023, 2, '2025-09-03 15:00:00+00', '2025-09-03 16:30:00+00', 'loc-005'),
(gen_random_uuid(), 'ENG101', 2023, 2, '2025-09-04 15:00:00+00', '2025-09-04 16:30:00+00', 'loc-001'),
(gen_random_uuid(), 'ENG101', 2023, 2, '2025-09-05 15:00:00+00', '2025-09-05 16:30:00+00', 'loc-002'),
(gen_random_uuid(), 'ENG101', 2023, 2, '2025-09-06 15:00:00+00', '2025-09-06 16:30:00+00', 'loc-003'),
(gen_random_uuid(), 'ENG101', 2023, 2, '2025-09-07 15:00:00+00', '2025-09-07 16:30:00+00', 'loc-004'),
(gen_random_uuid(), 'ENG101', 2023, 2, '2025-09-08 15:00:00+00', '2025-09-08 16:30:00+00', 'loc-005'),
(gen_random_uuid(), 'ENG101', 2023, 2, '2025-09-09 15:00:00+00', '2025-09-09 16:30:00+00', 'loc-001'),
(gen_random_uuid(), 'ENG101', 2023, 2, '2025-09-10 15:00:00+00', '2025-09-10 16:30:00+00', 'loc-002'),

-- HIST201 (semester 1)
(gen_random_uuid(), 'HIST201', 2023, 1, '2023-09-01 09:00:00+00', '2023-09-01 10:30:00+00', 'loc-005'),
(gen_random_uuid(), 'HIST201', 2023, 1, '2023-09-02 09:00:00+00', '2023-09-02 10:30:00+00', 'loc-001'),
(gen_random_uuid(), 'HIST201', 2023, 1, '2023-09-03 09:00:00+00', '2023-09-03 10:30:00+00', 'loc-002'),
(gen_random_uuid(), 'HIST201', 2023, 1, '2023-09-04 09:00:00+00', '2023-09-04 10:30:00+00', 'loc-003'),
(gen_random_uuid(), 'HIST201', 2023, 1, '2023-09-05 09:00:00+00', '2023-09-05 10:30:00+00', 'loc-004'),
(gen_random_uuid(), 'HIST201', 2023, 1, '2023-09-06 09:00:00+00', '2023-09-06 10:30:00+00', 'loc-005'),
(gen_random_uuid(), 'HIST201', 2023, 1, '2023-09-07 09:00:00+00', '2023-09-07 10:30:00+00', 'loc-001'),
(gen_random_uuid(), 'HIST201', 2023, 1, '2023-09-08 09:00:00+00', '2023-09-08 10:30:00+00', 'loc-002'),
(gen_random_uuid(), 'HIST201', 2023, 1, '2023-09-09 09:00:00+00', '2023-09-09 10:30:00+00', 'loc-003'),
(gen_random_uuid(), 'HIST201', 2023, 1, '2023-09-10 09:00:00+00', '2023-09-10 10:30:00+00', 'loc-004'),
(gen_random_uuid(), 'HIST201', 2023, 1, '2025-09-01 09:00:00+00', '2025-09-01 10:30:00+00', 'loc-005'),
(gen_random_uuid(), 'HIST201', 2023, 1, '2025-09-02 09:00:00+00', '2025-09-02 10:30:00+00', 'loc-001'),
(gen_random_uuid(), 'HIST201', 2023, 1, '2025-09-03 09:00:00+00', '2025-09-03 10:30:00+00', 'loc-002'),
(gen_random_uuid(), 'HIST201', 2023, 1, '2025-09-04 09:00:00+00', '2025-09-04 10:30:00+00', 'loc-003'),
(gen_random_uuid(), 'HIST201', 2023, 1, '2025-09-05 09:00:00+00', '2025-09-05 10:30:00+00', 'loc-004'),
(gen_random_uuid(), 'HIST201', 2023, 1, '2025-09-06 09:00:00+00', '2025-09-06 10:30:00+00', 'loc-005'),
(gen_random_uuid(), 'HIST201', 2023, 1, '2025-09-07 09:00:00+00', '2025-09-07 10:30:00+00', 'loc-001'),
(gen_random_uuid(), 'HIST201', 2023, 1, '2025-09-08 09:00:00+00', '2025-09-08 10:30:00+00', 'loc-002'),
(gen_random_uuid(), 'HIST201', 2023, 1, '2025-09-09 09:00:00+00', '2025-09-09 10:30:00+00', 'loc-003'),
(gen_random_uuid(), 'HIST201', 2023, 1, '2025-09-10 09:00:00+00', '2025-09-10 10:30:00+00', 'loc-004');

-- sql
INSERT INTO "Attendance" ("ClassId", "StudentId", "Timestamp", "Reason")
SELECT
  c."Id",
  e."StudentId",
  c."StartTime" + INTERVAL '5 minutes',
  NULL
FROM "Enrollments" e
JOIN "Classes" c
  ON e."CourseCode" = c."CourseCode"
  AND e."CourseYear" = c."CourseYear"
  AND e."CourseSemesterCode" = c."CourseSemesterCode"
WHERE e."StudentId" IN (
  '00000000-0000-0000-0000-000000000011',
  '00000000-0000-0000-0000-000000000012',
  '00000000-0000-0000-0000-000000000013',
  '00000000-0000-0000-0000-000000000014',
  '00000000-0000-0000-0000-000000000015',
  '00000000-0000-0000-0000-000000000016',
  '00000000-0000-0000-0000-000000000017',
  '00000000-0000-0000-0000-000000000018',
  '00000000-0000-0000-0000-000000000019',
  '00000000-0000-0000-0000-000000000020',
  '00000000-0000-0000-0000-000000000021',
  '00000000-0000-0000-0000-000000000022',
  '00000000-0000-0000-0000-000000000023',
  '00000000-0000-0000-0000-000000000024',
  '00000000-0000-0000-0000-000000000025',
  '00000000-0000-0000-0000-000000000026',
  '00000000-0000-0000-0000-000000000027',
  '00000000-0000-0000-0000-000000000028',
  '00000000-0000-0000-0000-000000000029',
  '00000000-0000-0000-0000-000000000030'
)
AND NOT EXISTS (
  SELECT 1 FROM "Attendance" a
  WHERE a."ClassId" = c."Id" AND a."StudentId" = e."StudentId"
);

INSERT INTO auth.users (instance_id, id, aud, role, email, encrypted_password,
                        email_confirmed_at, recovery_sent_at, last_sign_in_at,
                        raw_app_meta_data, raw_user_meta_data,
                        created_at, updated_at,
                        confirmation_token, email_change, email_change_token_new, recovery_token)
VALUES
('00000000-0000-0000-0000-000000000000','00000000-0000-0000-0000-000000000031','authenticated','authenticated','admin31@example.com', crypt('password123', gen_salt('bf')), now(), now(), now(), '{"provider":"email","providers":["email"]}', '{}'::jsonb, now(), now(), '', '', '', ''),
('00000000-0000-0000-0000-000000000032','00000000-0000-0000-0000-000000000032','authenticated','authenticated','admin32@example.com', crypt('password123', gen_salt('bf')), now(), now(), now(), '{"provider":"email","providers":["email"]}', '{}'::jsonb, now(), now(), '', '', '', ''),
('00000000-0000-0000-0000-000000000033','00000000-0000-0000-0000-000000000033','authenticated','authenticated','admin33@example.com', crypt('password123', gen_salt('bf')), now(), now(), now(), '{"provider":"email","providers":["email"]}', '{}'::jsonb, now(), now(), '', '', '', ''),
('00000000-0000-0000-0000-000000000034','00000000-0000-0000-0000-000000000034','authenticated','authenticated','admin34@example.com', crypt('password123', gen_salt('bf')), now(), now(), now(), '{"provider":"email","providers":["email"]}', '{}'::jsonb, now(), now(), '', '', '', ''),
('00000000-0000-0000-0000-000000000035','00000000-0000-0000-0000-000000000035','authenticated','authenticated','admin35@example.com', crypt('password123', gen_salt('bf')), now(), now(), now(), '{"provider":"email","providers":["email"]}', '{}'::jsonb, now(), now(), '', '', '', '');

INSERT INTO auth.identities (id, user_id, provider_id, identity_data, provider, last_sign_in_at, created_at, updated_at)
VALUES
('30000000-0000-0000-0000-000000000031','00000000-0000-0000-0000-000000000031','00000000-0000-0000-0000-000000000031','{"sub":"00000000-0000-0000-0000-000000000031","email":"admin31@example.com"}','email', now(), now(), now()),
('30000000-0000-0000-0000-000000000032','00000000-0000-0000-0000-000000000032','00000000-0000-0000-0000-000000000032','{"sub":"00000000-0000-0000-0000-000000000032","email":"admin32@example.com"}','email', now(), now(), now()),
('30000000-0000-0000-0000-000000000033','00000000-0000-0000-0000-000000000033','00000000-0000-0000-0000-000000000033','{"sub":"00000000-0000-0000-0000-000000000033","email":"admin33@example.com"}','email', now(), now(), now()),
('30000000-0000-0000-0000-000000000034','00000000-0000-0000-0000-000000000034','00000000-0000-0000-0000-000000000034','{"sub":"00000000-0000-0000-0000-000000000034","email":"admin34@example.com"}','email', now(), now(), now()),
('30000000-0000-0000-0000-000000000035','00000000-0000-0000-0000-000000000035','00000000-0000-0000-0000-000000000035','{"sub":"00000000-0000-0000-0000-000000000035","email":"admin35@example.com"}','email', now(), now(), now());

INSERT INTO "Admins" ("Id", "FirstName", "LastName", "Email", "CreatedAt", "UpdatedAt", "Permissions")
VALUES
    ('00000000-0000-0000-0000-000000000031', 'Admin', 'User31', 'admin31@example.com', now(), now(), 65535),
    ('00000000-0000-0000-0000-000000000032', 'Admin', 'User32', 'admin32@example.com', now(), now(), 65535),
    ('00000000-0000-0000-0000-000000000033', 'Admin', 'User33', 'admin33@example.com', now(), now(), 65535),
    ('00000000-0000-0000-0000-000000000034', 'Admin', 'User34', 'admin34@example.com', now(), now(), 65535),
    ('00000000-0000-0000-0000-000000000035', 'Admin', 'User35', 'admin35@example.com', now(), now(), 65535)
ON CONFLICT ("Id") DO NOTHING;