INSERT INTO auth.users (instance_id, id, aud, role, email, encrypted_password,
                        email_confirmed_at, recovery_sent_at, last_sign_in_at,
                        raw_app_meta_data, raw_user_meta_data,
                        created_at, updated_at,
                        confirmation_token, email_change, email_change_token_new, recovery_token)
VALUES ('00000000-0000-0000-0000-000000000000', '11111111-1111-1111-1111-111111111111', 'authenticated',
        'authenticated', 'user1@example.com', crypt('password123', gen_salt('bf')), now(), now(), now(),
        '{"provider":"email","providers":["email"]}', '{}'::jsonb, now(), now(), '', '', '', ''),
       ('00000000-0000-0000-0000-000000000000', '22222222-2222-2222-2222-222222222222', 'authenticated',
        'authenticated', 'user2@example.com', crypt('password123', gen_salt('bf')), now(), now(), now(),
        '{"provider":"email","providers":["email"]}', '{}'::jsonb, now(), now(), '', '', '', ''),
       ('00000000-0000-0000-0000-000000000000', '33333333-3333-3333-3333-333333333333', 'authenticated',
        'authenticated', 'user3@example.com', crypt('password123', gen_salt('bf')), now(), now(), now(),
        '{"provider":"email","providers":["email"]}', '{}'::jsonb, now(), now(), '', '', '', ''),
       ('00000000-0000-0000-0000-000000000000', '44444444-4444-4444-4444-444444444444', 'authenticated',
        'authenticated', 'user4@example.com', crypt('password123', gen_salt('bf')), now(), now(), now(),
        '{"provider":"email","providers":["email"]}', '{}'::jsonb, now(), now(), '', '', '', ''),
       ('00000000-0000-0000-0000-000000000000', '55555555-5555-5555-5555-555555555555', 'authenticated',
        'authenticated', 'user5@example.com', crypt('password123', gen_salt('bf')), now(), now(), now(),
        '{"provider":"email","providers":["email"]}', '{}'::jsonb, now(), now(), '', '', '', ''),
       ('00000000-0000-0000-0000-000000000000', '66666666-6666-6666-6666-666666666666', 'authenticated',
        'authenticated', 'user6@example.com', crypt('password123', gen_salt('bf')), now(), now(), now(),
        '{"provider":"email","providers":["email"]}', '{}'::jsonb, now(), now(), '', '', '', ''),
       ('00000000-0000-0000-0000-000000000000', '77777777-7777-7777-7777-777777777777', 'authenticated',
        'authenticated', 'user7@example.com', crypt('password123', gen_salt('bf')), now(), now(), now(),
        '{"provider":"email","providers":["email"]}', '{}'::jsonb, now(), now(), '', '', '', ''),
       ('00000000-0000-0000-0000-000000000000', '88888888-8888-8888-8888-888888888888', 'authenticated',
        'authenticated', 'user8@example.com', crypt('password123', gen_salt('bf')), now(), now(), now(),
        '{"provider":"email","providers":["email"]}', '{}'::jsonb, now(), now(), '', '', '', ''),
       ('00000000-0000-0000-0000-000000000000', '99999999-9999-9999-9999-999999999999', 'authenticated',
        'authenticated', 'user9@example.com', crypt('password123', gen_salt('bf')), now(), now(), now(),
        '{"provider":"email","providers":["email"]}', '{}'::jsonb, now(), now(), '', '', '', ''),
       ('00000000-0000-0000-0000-000000000000', 'aaaaaaaa-aaaa-aaaa-aaaa-aaaaaaaaaaaa', 'authenticated',
        'authenticated', 'user10@example.com', crypt('password123', gen_salt('bf')), now(), now(), now(),
        '{"provider":"email","providers":["email"]}', '{}'::jsonb, now(), now(), '', '', '', '');

INSERT INTO auth.identities (id, user_id, provider_id, identity_data, provider, last_sign_in_at, created_at, updated_at)
VALUES (uuid_generate_v4(), '11111111-1111-1111-1111-111111111111', '11111111-1111-1111-1111-111111111111',
        '{"sub":"11111111-1111-1111-1111-111111111111","email":"user1@example.com"}', 'email', now(), now(), now()),
       (uuid_generate_v4(), '22222222-2222-2222-2222-222222222222', '22222222-2222-2222-2222-222222222222',
        '{"sub":"22222222-2222-2222-2222-222222222222","email":"user2@example.com"}', 'email', now(), now(), now()),
       (uuid_generate_v4(), '33333333-3333-3333-3333-333333333333', '33333333-3333-3333-3333-333333333333',
        '{"sub":"33333333-3333-3333-3333-333333333333","email":"user3@example.com"}', 'email', now(), now(), now()),
       (uuid_generate_v4(), '44444444-4444-4444-4444-444444444444', '44444444-4444-4444-4444-444444444444',
        '{"sub":"44444444-4444-4444-4444-444444444444","email":"user4@example.com"}', 'email', now(), now(), now()),
       (uuid_generate_v4(), '55555555-5555-5555-5555-555555555555', '55555555-5555-5555-5555-555555555555',
        '{"sub":"55555555-5555-5555-5555-555555555555","email":"user5@example.com"}', 'email', now(), now(), now()),
       (uuid_generate_v4(), '66666666-6666-6666-6666-666666666666', '66666666-6666-6666-6666-666666666666',
        '{"sub":"66666666-6666-6666-6666-666666666666","email":"user6@example.com"}', 'email', now(), now(), now()),
       (uuid_generate_v4(), '77777777-7777-7777-7777-777777777777', '77777777-7777-7777-7777-777777777777',
        '{"sub":"77777777-7777-7777-7777-777777777777","email":"user7@example.com"}', 'email', now(), now(), now()),
       (uuid_generate_v4(), '88888888-8888-8888-8888-888888888888', '88888888-8888-8888-8888-888888888888',
        '{"sub":"88888888-8888-8888-8888-888888888888","email":"user8@example.com"}', 'email', now(), now(), now()),
       (uuid_generate_v4(), '99999999-9999-9999-9999-999999999999', '99999999-9999-9999-9999-999999999999',
        '{"sub":"99999999-9999-9999-9999-999999999999","email":"user9@example.com"}', 'email', now(), now(), now()),
       (uuid_generate_v4(), 'aaaaaaaa-aaaa-aaaa-aaaa-aaaaaaaaaaaa', 'aaaaaaaa-aaaa-aaaa-aaaa-aaaaaaaaaaaa',
        '{"sub":"aaaaaaaa-aaaa-aaaa-aaaa-aaaaaaaaaaaa","email":"user10@example.com"}', 'email', now(), now(), now());


INSERT INTO "Teachers" ("Id", "FirstName", "LastName", "CreatedAt", "UpdatedAt")
VALUES ('11111111-1111-1111-1111-111111111111', 'Amelia', 'Clark', now(), NULL),
       ('22222222-2222-2222-2222-222222222222', 'Benjamin', 'Lee', now(), NULL),
       ('33333333-3333-3333-3333-333333333333', 'Charlotte', 'Harris', now(), NULL),
       ('44444444-4444-4444-4444-444444444444', 'Daniel', 'Walker', now(), NULL),
       ('55555555-5555-5555-5555-555555555555', 'Ella', 'Robinson', now(), NULL);